Name;Surname;job;address;phone;email;credit_card_number;credit_card_expire;credit_card_security_code
Sandra;Campos;Production designer, theatre/television/film;"39741 Dickson Lane
Port Johnbury, PA 97007";+80(625)063-05-12;ehensley@example.net;3548861866633173;08/26;644
Andrew;Mullen;Retail merchandiser;"3709 Johnson Courts
North Mark, LA 58873";+74(619)478-65-13;zharvey@example.com;4253564858497;11/33;809
Brandi;Rose;Computer games developer;"36839 Lori Trace
Scottburgh, ND 66585";+34(849)816-51-48;charlesatkins@example.com;3545674021297443;02/26;140
Sheryl;Alvarez;Sales executive;"323 Lisa Tunnel
New Jamesmouth, VT 00523";+80(936)328-56-19;sandra11@example.org;4963298408662;01/26;089
Austin;Rodriguez;Microbiologist;"090 Ashley Walks Suite 733
Jameshaven, WV 09639";+43(216)332-90-54;halljanet@example.net;4735048004726124;08/25;446
Holly;Jones;Materials engineer;"955 Reeves Glens
South Johnny, MA 69988";+30(860)302-36-47;christianmcmillan@example.com;3510446326193069;03/31;598
Edward;Dennis;Environmental consultant;"63282 Morales Tunnel Suite 864
Tyroneview, OK 57431";+52(410)437-61-72;pmeyer@example.org;180033119859174;05/33;595
Amber;Gallegos;Aid worker;"737 Marissa Ridges
Daviston, WY 23822";+63(569)182-93-73;obowman@example.net;3569236626319039;08/29;027
Alyssa;Webster;Television production assistant;"88477 Long Crossroad Suite 283
Loganmouth, MH 49202";+50(086)849-12-08;jonathan49@example.com;4762007402614;05/27;597
Gordon;Miller;Furniture designer;"20248 James Rest
Brandonfort, MI 12819";+90(025)666-57-56;yolandahahn@example.net;4217579242555488480;04/27;064
Matthew;Koch;Press photographer;"737 Deleon Hills
Valentineport, OK 47753";+26(146)136-45-16;miguel28@example.org;4472793657033153219;03/33;745
Adrian;Davis;Analytical chemist;"001 Chavez Manor
Michaelborough, MT 57384";+82(332)517-95-91;leahjames@example.org;372817787137428;07/32;701
Andre;Schultz;Acupuncturist;"40442 Zimmerman Flats
New Joshuaside, UT 39417";+04(139)330-54-32;mark15@example.com;630425657867;04/28;272
Ronnie;Frost;Therapist, occupational;"Unit 9072 Box 0393
DPO AA 81311";+51(474)004-88-03;kenneth40@example.com;3552160581619119;03/33;882
Blake;Williams;Press photographer;"9585 David Station Suite 088
Lake Michele, NV 01569";+27(105)695-31-18;ricerebecca@example.com;4325354919889684;11/29;988
Michelle;Stewart;Commercial horticulturist;"4460 Castillo Shore Suite 567
Nathanielshire, AS 15630";+31(270)497-97-83;gardnerkatherine@example.net;345364176669509;07/30;486
Jacob;Avila;Engineer, production;"01523 Debra Plaza
Ortizbury, MO 24327";+76(538)521-33-65;cjuarez@example.com;36782342351732;04/29;822
Eric;Herrera;Brewing technologist;"14138 Molina Lakes Apt. 174
Johnville, NM 96633";+45(432)024-39-87;shannon58@example.org;630444842169;10/31;418
Edward;Stone;Holiday representative;"474 White Turnpike Apt. 809
Andersonchester, TN 58444";+76(889)052-46-30;jondaniels@example.net;4429051060030069;07/33;196
Shawn;Kirby;Archivist;"32917 Ramos Grove
Wilsonland, FL 81281";+88(028)381-30-45;williammoore@example.org;6011422170915375;12/29;362
Kenneth;Flores;Health service manager;"PSC 1937, Box 4511
APO AE 65650";+47(252)421-16-19;jill12@example.net;4257067624960728177;03/29;787
Alexa;Vazquez;Make;"68850 Richard Branch Suite 446
Guerreroville, NH 43626";+20(920)100-78-51;noahmedina@example.net;3520397052252629;02/31;061
Louis;Ruiz;Engineering geologist;"67370 Michael Knolls Suite 177
Port Ashlee, MN 45957";+49(742)822-89-25;michael05@example.com;2272337463031495;04/30;902
Elizabeth;Valdez;Sub;"6961 Lopez Point
New Joelmouth, IL 69638";+64(504)257-99-21;lopezoscar@example.org;4544811476798;08/29;006
Adam;Garcia;Industrial buyer;"46058 Steven Vista Suite 837
Leroyborough, MS 26514";+51(459)257-25-77;paul94@example.net;3579121916480410;04/28;235
Timothy;Martinez;Scientist, research (medical);"PSC 7601, Box 8251
APO AA 28640";+32(579)304-89-36;uclarke@example.com;4417256645633022;04/26;252
Emily;Liu;Landscape architect;"999 Brandon Freeway
Petersside, NC 86273";+54(806)963-20-17;nicole80@example.com;4360247655580721;02/28;320
Derrick;Burton;Engineer, electronics;"9911 Cynthia Hill Suite 301
Markview, DE 14547";+63(926)373-78-63;amandastevens@example.net;2396314092119331;12/27;341
Jennifer;Day;Therapist, art;"0341 Samantha Cliff
Harrisside, MP 22079";+71(847)881-81-01;eric74@example.com;4334347704586;09/31;772
Elizabeth;Kent;Restaurant manager, fast food;"5169 Julie Drive
Lake Audrey, KY 73471";+06(030)537-13-88;otodd@example.org;4540302412037;04/29;256
Melanie;Edwards;Teacher, adult education;"68215 Davis Path Suite 369
Waltershaven, MT 58620";+80(265)676-25-53;williamsdouglas@example.org;5348948900256082;09/29;949
Brittney;Phillips;Intelligence analyst;"76576 Melissa Plaza Suite 643
North Richardmouth, IN 00916";+02(587)035-87-65;donald98@example.net;584474665232;06/31;786
Danielle;Morris;Retail manager;"6060 Matthew Shores Apt. 364
Lake Patricialand, NC 68616";+32(755)078-65-40;richard50@example.net;213168698911649;02/28;904
Scott;Wilcox;Nature conservation officer;"701 Novak Bypass Suite 269
Lauriemouth, GU 37239";+78(142)558-63-94;juareznicole@example.org;38062975704467;07/32;2124
Chris;Martinez;Accountant, chartered;"8147 Carol Flats
Port Timothyburgh, NV 26398";+78(110)677-17-77;nramirez@example.com;5502062703216079;02/24;781
Tiffany;Morse;Probation officer;"52875 Laura Isle Apt. 070
East Sarahtown, PA 73506";+58(377)449-63-02;ebarker@example.net;213120044491198;01/30;068
Michael;Miller;Computer games developer;"05382 Little Gardens
Lauratown, KY 11321";+37(999)592-85-30;wgonzalez@example.net;4476703017880522802;12/31;249
John;Anderson;Consulting civil engineer;"321 Nicholas Gateway
Walshhaven, OR 17264";+13(087)364-33-25;wilkersonkatherine@example.com;4398787778173942;02/29;292
Mary;Gregory;Scientist, research (life sciences);"03099 Mark Crossing
Jeremyborough, MI 17677";+19(498)909-63-92;anna52@example.net;4539385649427512;07/33;8268
Shelby;Barnett;Oceanographer;"5623 Margaret Divide Suite 634
Obrienbury, DE 29323";+99(509)204-07-77;lisajones@example.net;3508905964705538;02/25;334
Michelle;Wright;Immigration officer;"597 Laura Common
Jillland, ID 56942";+65(049)369-84-90;joshuastone@example.org;180012388602960;06/29;861
Edgar;Mitchell;Lighting technician, broadcasting/film/video;"105 Logan Squares
Calvinville, OR 19646";+72(099)984-37-27;daniel25@example.net;3533098431110059;02/25;324
Timothy;Vega;Chartered management accountant;"71018 Hansen Center
West Brianna, VA 99369";+70(323)056-80-03;heather70@example.com;630481827164;06/29;508
Arthur;Johnson;Curator;"51765 Steven Mountain
Amandamouth, AZ 22323";+20(497)290-49-10;srhodes@example.net;213139253326283;01/26;045
John;Weber;Forensic scientist;"6477 Stephanie Road Suite 430
East James, OR 83681";+68(016)927-64-35;hansonfrederick@example.org;4446408991669418435;06/32;746
Lori;Campos;Production designer, theatre/television/film;"7061 Johnson Pine
Justinfort, MA 67515";+33(505)150-70-59;dmendoza@example.net;371222453369648;05/26;459
Jennifer;Vaughn;Chartered management accountant;"02929 Brandon Walk
Justinport, FL 98538";+68(168)773-49-04;ashley88@example.net;4238092582206692038;03/24;984
David;Matthews;Conservator, museum/gallery;"1411 Donald Forges
Brownbury, TX 63930";+20(884)824-79-09;patelrebecca@example.net;3587509367089112;12/28;291
Karen;Mccall;Horticulturist, amenity;"25458 Amanda Unions
West Douglasport, AR 06332";+52(571)404-25-26;dawn18@example.org;503863497213;07/27;9188
Ruth;Jones;Maintenance engineer;"39646 Lindsay Loop Apt. 403
Jasonborough, SD 95917";+47(987)974-90-50;taylorgina@example.org;180065922738716;06/33;108
