title;article;availability;price text;price;image
ІКЕА HUVUDSPELARE;905.076.03;У наявності;2 979,00 грн;2979.0;https://home-club.com.ua/images/thumbs/0365976_-_360.jpeg
ІКЕА MATCHSPEL;805.076.08;У наявності;9 189,00 грн;9189.0;https://home-club.com.ua/images/thumbs/0365966_-_360.jpeg
ІКЕА MATCHSPEL;405.076.10;У наявності;9 189,00 грн;9189.0;https://home-club.com.ua/images/thumbs/0365954_-_360.jpeg
ІКЕА UTESPELARE;105.076.21;У наявності;5 739,00 грн;5739.0;https://home-club.com.ua/images/thumbs/0365982_-_360.jpeg
ІКЕА LÅNESPELARE;105.078.57;Товар на цей час відсутній;460,00 грн;460.0;https://home-club.com.ua/images/thumbs/0365962_-_360.jpeg
ІКЕА UTESPELARE;105.076.16;Товар на цей час відсутній;5 739,00 грн;5739.0;https://home-club.com.ua/images/thumbs/0365990_-_360.jpeg
ІКЕА GRUPPSPEL;605.075.86;Товар на цей час відсутній;11 489,00 грн;11489.0;https://home-club.com.ua/images/thumbs/0375189_-_360.jpeg
ІКЕА STYRSPEL;205.220.27;Товар на цей час відсутній;13 789,00 грн;13789.0;https://home-club.com.ua/images/thumbs/0389219_-_360.jpeg
ІКЕА GRUPPSPEL;105.075.84;Товар на цей час відсутній;11 489,00 грн;11489.0;https://home-club.com.ua/images/thumbs/0368531_-_360.jpeg
ІКЕА GRUPPSPEL;505.075.58;Товар на цей час відсутній;14 939,00 грн;14939.0;https://home-club.com.ua/images/thumbs/0370143_-_360.jpeg
ІКЕА STYRSPEL;105.066.93;Товар на цей час відсутній;13 789,00 грн;13789.0;https://home-club.com.ua/images/thumbs/0390292_-_360.jpeg
ІКЕА STYRSPEL;205.220.32;Товар на цей час відсутній;13 789,00 грн;13789.0;https://home-club.com.ua/images/thumbs/0390282_-_360.jpeg
ІКЕА STYRSPEL;605.260.85;Товар на цей час відсутній;13 789,00 грн;13789.0;https://home-club.com.ua/images/thumbs/0389207_-_360.jpeg
