host_url;short_url
https://www.figma.com/file/example51;https://www.figma.com/abcd51
https://www.figma.com/file/example52;https://www.figma.com/abcd52
https://www.figma.com/file/example53;https://www.figma.com/abcd53
https://www.figma.com/file/example102;https://www.figma.com/1234500
https://www.figma.com/file/example103;https://www.figma.com/12345
https://www.figma.com/file/example104;https://www.figma.com/ZWZZxpm6jtRyjFN
https://www.figma.com/file/example105;https://www.figma.com/07820rr7755tt6q
https://www.figma.com/file/example106;https://www.figma.com/wZ2jVPN33JAbp0s
https://www.figma.com/file/example107;https://www.figma.com/CoAymo7Dr0zpnQM
https://www.programmepause.fr/en/candidatures-etablissements-pieces-a-fournir/;https://www.programmepause.fr/84CGZ3p3
https://test-program.com/example/test1;https://test-program.com/gzjeKFAN
